0-Weapon Type,1-Name,2-Attack,3-Semi,4-Ammo Max,5-Ammo Pickup,6-Mag Size,7-Firerate,8-Reload,9-Multishot,10-PT,11-Damage1,12-Crit-C1,13-Crit-D1,14-Status1,15-Damage2,16-Crit-C2,17-Crit-D2,18-Status2
Rifle,Acceltra,Rocket Impact & Explosion,FALSE,96,40,48,12,2,1,0,35,0.32,2.8,0.06,44,0.32,2.8,0.06
Rifle,Acceltra Prime,Rocket Impact & Explosion,FALSE,96,40,48,10,1.6,1,0,44,0.34,3,0.18,53,0.34,3,0.18
Pistol,Acrid,Normal Attack,TRUE,210,40,15,5,1.2,1,0,43,0.05,2,0.1,0,0,0,0
Pistol,Aegrit,Direct Hit & Detonation,FALSE,4,1,2,2,1.3,1,0,9,0.37,1.9,0.19,797,0.37,2,0.19
Rifle,Aeolak,Alt-Fire & Explosion,FALSE,400,40,40,1.03,2,1,0,97,0.21,2.3,0.33,789,0.21,2.3,0.33
Rifle,Aeolak,Normal Attack,FALSE,400,40,40,6,2,1,1,60,0.21,2.3,0.33,0,0,0,0
Rifle,Afentis,Semi & Radial,TRUE,12,4,4,0.83,1.8,1,0,100,0.26,2.2,0.24,800,0.26,2.2,0.24
Rifle,Afentis,Spear Throw,TRUE,12,4,4,1,1.8,1,0,400,0.3,3,0.2,0,0,0,0
Pistol,Afuris,Normal Attack,FALSE,240,40,70,12.5,2,1,0,20,0.05,2,0.12,0,0,0,0
Pistol,Afuris Prime,Normal Attack,FALSE,400,40,80,12.5,1.2,1,0,26,0.16,2,0.3,0,0,0,0
Pistol,Akarius,Rocket Impact & Detonation,FALSE,20,5,10,4.33,3.4,1,0,68,0.06,1.8,0.28,419,0.06,1.8,0.28
Pistol,Akarius Prime,Rocket Impact & Detonation,FALSE,24,6,8,3.66,2.4,1,0,68,0.18,2,0.34,509,0.18,2,0.34
Pistol,Akbolto,Normal Attack,TRUE,210,40,30,4.5,2.6,1,0,64,0.16,2.4,0.022,0,0,0,0
Pistol,Akbolto Prime,Normal Attack,TRUE,210,40,40,5,1.3,1,0,44,0.36,2.8,0.14,0,0,0,0
Pistol,Akbronco,Normal Attack,TRUE,210,20,4,5,2,7,0,42,0.06,2,0.0314,0,0,0,0
Pistol,Akbronco Prime,Normal Attack,TRUE,210,20,8,4.33,2.25,7,0,50,0.06,2,0.1286,0,0,0,0
Pistol,Akjagara,Normal Attack,FALSE,210,40,36,5,2.25,1,0,36,0.06,2,0.28,0,0,0,0
Pistol,Akjagara Prime,Normal Attack,FALSE,320,40,40,5,1.4,1,0.2,38,0.18,2.2,0.32,0,0,0,0
Pistol,Aklato,Normal Attack,TRUE,210,40,30,5,2.4,1,0,40,0.1,1.8,0.06,0,0,0,0
Pistol,Aklex,Normal Attack,TRUE,210,40,12,1.58,3,1,0,130,0.2,2,0.1,0,0,0,0
Pistol,Aklex Prime,Normal Attack,TRUE,210,40,16,2.67,3,1,0,150,0.25,2,0.25,0,0,0,0
Pistol,Akmagnus,Normal Attack,TRUE,210,40,16,5,3.2,1,0,98,0.22,2,0.22,0,0,0,0
Pistol,Akmagnus Prime,Normal Attack,TRUE,210,40,16,5.67,2.8,1,0,98,0.28,2.8,0.28,0,0,0,0
Pistol,Aksomati,Fully Spooled,FALSE,420,40,70,12.5,1.4,1,0,18,0.24,3,0.08,0,0,0,0
Pistol,Aksomati Prime,Fully Spooled,FALSE,880,40,80,13.33,1.4,1,0,20,0.24,3,0.18,0,0,0,0
Pistol,Akstiletto,Normal Attack,FALSE,210,40,28,10,1.1,1,0,28,0.18,1.8,0.18,0,0,0,0
Pistol,Akstiletto Prime,Normal Attack,FALSE,400,40,40,7.08,1.1,1,0,36,0.15,2,0.3,0,0,0,0
Pistol,Akvasto,Normal Attack,TRUE,210,40,12,3.33,1.6,1,0,90,0.16,1.8,0.12,0,0,0,0
Pistol,Akvasto Prime,Normal Attack,TRUE,210,40,12,3.33,1.4,1,0,110,0.22,2.4,0.22,0,0,0,0
Pistol,Akzani,Normal Attack,FALSE,400,40,100,20,2,1,0,12,0.14,2,0.14,0,0,0,0
Rifle,Alternox,Alt-Fire Contact & Explosion,FALSE,540,40,28,1.5,1.8,1,0,50,0.02,2,0.44,100,0.02,2,0.44
Rifle,Alternox,Normal Attack,FALSE,540,40,28,4.33,1.8,1,0,62,0.14,2.2,0.3,0,0,0,0
Rifle,Ambassador,Auto,FALSE,960,80,96,13.33,2.6,1,0,24,0.14,2.8,0.26,0,0,0,0
Rifle,Ambassador,Charge & AOE,FALSE,960,80,96,0.5,2.6,1,0,600,0.16,2.8,0.32,800,0.16,2.8,0.32
Rifle,Amprex,Normal Attack,FALSE,700,60,100,12,2.6,1,0,22,0.32,2.2,0.22,0,0,0,0
Pistol,Angstrum,Incarnon Form,FALSE,18,3,3,6,2.5,1,0,30,0.18,1.8,0.18,0,0,0,0
Pistol,Angstrum,Single Rocket Impact & Explosion,FALSE,18,3,3,1,2.5,1,0,200,0.16,2,0.22,250,0.16,2,0.22
Shotgun,Arca Plasmor,Normal Attack,TRUE,50,15,10,1.1,2.8,1,0,600,0.22,1.6,0.28,0,0,0,0
Pistol,Arca Scisco,Normal Attack,TRUE,288,40,36,4.66,2.2,1,0,60,0.18,1.6,0.26,0,0,0,0
Rifle,Argonak,Full Auto Mode,FALSE,473,80,43,6,2.4,1,0,57,0.09,1.5,0.27,0,0,0,0
Rifle,Argonak,Semi-Auto Mode,FALSE,473,80,43,4.33,2.4,1,0,57,0.27,2.3,0.19,0,0,0,0
Bow,Artemis Bow,Base Charged Shot,FALSE,0,0,1,0.52,0.9,7,1,240,0.25,2,0.2,0,0,0,0
Bow,Artemis Bow,Base Uncharged Shot,FALSE,0,0,1,1.11,0.9,7,1,240,0.25,2,0.2,0,0,0,0
Bow,Artemis Bow,Concentrated Arrow Charged Shot,FALSE,0,0,1,1.11,0.9,1,0,240,0.5,2,0.2,0,0,0,0
Bow,Artemis Bow,Concentrated Arrow Uncharged Headshot Explosion,FALSE,0,0,1,0.52,0.9,1,0,500,0.25,2,0,0,0,0,0
Bow,Artemis Bow,Concentrated Arrow Uncharged Headshot Explosion,FALSE,0,0,1,0.52,0.9,1,0,500,0.5,2,0,0,0,0,0
Bow,Artemis Bow,Concentrated Arrow Uncharged Shot,FALSE,0,0,1,1.11,0.9,1,0,240,0.25,2,0.2,0,0,0,0
Bow,Artemis Bow Prime,Base Charged Shot,FALSE,0,0,1,0.52,0.9,7,1,240,0.25,2,0.2,0,0,0,0
Bow,Artemis Bow Prime,Base Uncharged Shot,FALSE,0,0,1,1.11,0.9,7,1,240,0.25,2,0.2,0,0,0,0
Bow,Artemis Bow Prime,Concentrated Arrow Charged Shot,FALSE,0,0,1,1.11,0.9,1,0,240,0.5,2,0.2,0,0,0,0
Bow,Artemis Bow Prime,Concentrated Arrow Uncharged Headshot Explosion,FALSE,0,0,1,0.52,0.9,1,0,500,0.25,2,0,0,0,0,0
Bow,Artemis Bow Prime,Concentrated Arrow Uncharged Headshot Explosion,FALSE,0,0,1,0.52,0.9,1,0,500,0.5,2,0,0,0,0,0
Bow,Artemis Bow Prime,Concentrated Arrow Uncharged Shot,FALSE,0,0,1,1.11,0.9,1,0,240,0.25,2,0.2,0,0,0,0
Shotgun,Astilla,Slug Impact & Explosion,FALSE,112,40,16,4.33,2,1,0,70,0.17,1.9,0.33,120,0.17,1.9,0.33
Shotgun,Astilla Prime,Slug Impact & Explosion,FALSE,120,40,24,4.33,2,1,0,100,0.21,1.9,0.37,140,0.21,1.9,0.37
Pistol,Athodai,Alt-Fire,FALSE,48,40,24,12,2,1,2,88,0.18,2,0.24,0,0,0,0
Pistol,Athodai,Normal Attack,FALSE,48,40,24,5,2,1,0,70,0.32,2,0.08,0,0,0,0
Pistol,Atomos,Incarnon Form & Radial,FALSE,350,20,70,1.5,2,1,0,100,0.18,3,0.41,450,0.18,3,0.41
Pistol,Atomos,Normal Attack,FALSE,350,20,70,8,2,1,0,29,0.15,1.7,0.21,0,0,0,0
Bow,Attica,Normal Attack,FALSE,540,80,20,3.67,2.83,1,0,80,0.25,3,0.1,0,0,0,0
Rifle,AX-52,Normal Attack,FALSE,540,80,40,10,2,1,0,40,0.26,2.4,0.18,0,0,0,0
Pistol,Azima,Normal Attack,FALSE,525,40,75,10,1.4,1,0,20,0.16,2,0.16,0,0,0,0
Pistol,Azima,Turret Expiry,FALSE,525,40,75,10,1.4,1,0,75,0.16,2,0.16,0,0,0,0
Pistol,Balefire Charger,Charged Shot,FALSE,0,0,0,0.31,0,1,0,1500,0.05,1.5,0.1,0,0,0,0
Pistol,Balefire Charger,Uncharged Shot,FALSE,0,0,0,0.83,0,1,0,500,0.05,1.5,0.1,0,0,0,0
Pistol,Balefire Charger Prime,Charged Shot,FALSE,0,0,0,0.31,0,1,0,1500,0.05,1.5,0.1,0,0,0,0
Pistol,Balefire Charger Prime,Uncharged Shot,FALSE,0,0,0,0.83,0,1,0,500,0.05,1.5,0.1,0,0,0,0
Pistol,Ballistica,Burst Shot,FALSE,210,40,16,6.67,2,1,0,25,0.025,1.5,0.025,0,0,0,0
Pistol,Ballistica,Charged Shot,FALSE,210,40,16,0.76,2,1,0,100,0.15,1.5,0.1,0,0,0,0
Pistol,Ballistica Prime,Charged Shot,FALSE,210,40,32,0.9,1.2,4,1,76,0.2,2,0.15,0,0,0,0
Rifle,Basmu,Auto & Radial,FALSE,0,0,21,12,2.5,1,0,39,0.15,2,0.29,19,0.15,2,0.29
Rifle,Basmu,Beam,FALSE,0,0,21,12,2.5,2,0,12,0.02,4.8,0.3,0,0,0,0
Rifle,Battacor,Normal Attack,FALSE,720,80,60,2.5,2,1,0,66,0.32,2.4,0.18,0,0,0,0
Rifle,Battacor,Secondary Fire & AOE,FALSE,720,80,60,1.66,2,1,2,208,0.34,3,0.08,208,0.34,3,0.5
Rifle,Baza,Normal Attack,FALSE,800,80,40,16.67,1.4,1,0,16,0.26,3,0.1,0,0,0,0
Rifle,Baza Prime,Normal Attack,FALSE,840,80,60,16.67,1.1,1,0,16,0.28,3,0.14,0,0,0,0
Shotgun,Boar,Incarnon Form,FALSE,120,40,20,7.5,2.7,1,0,20,0.18,1.8,0.2,0,0,0,0
Shotgun,Boar,Normal Attack,FALSE,120,40,20,4.17,2.7,8,0,22,0.1,1.5,0.075,0,0,0,0
Shotgun,Boar Prime,Incarnon Form,FALSE,120,40,20,8,2.75,1,0,30,0.2,2.2,0.24,0,0,0,0
Shotgun,Boar Prime,Normal Attack,FALSE,120,40,20,4.67,2.75,8,0,40,0.15,2,0.1125,0,0,0,0
Pistol,Bolto,Normal Attack,TRUE,210,40,15,3.33,1.3,1,0,64,0.16,2.4,0.022,0,0,0,0
Rifle,Boltor,Incarnon Form,FALSE,540,80,60,10,2.6,3,0.6,4,0.22,2.8,0.0933,0,0,0,0
Rifle,Boltor,Normal Attack,FALSE,540,80,60,8.75,2.6,1,0,25,0.1,1.8,0.14,0,0,0,0
Rifle,Boltor Prime,Incarnon Form,FALSE,540,80,60,11.33,2.4,3,0,24,0.24,3,0.2,0,0,0,0
Rifle,Boltor Prime,Normal Attack,FALSE,540,80,60,10,2.4,1,0,46,0.12,2,0.34,0,0,0,0
Pistol,Brakk,Normal Attack,TRUE,210,20,5,5,1.05,10,0,20,0.17,2,0.051,0,0,0,0
Rifle,Braton,Incarnon Form & AOE,FALSE,540,80,45,5,2,1,0,50,0.3,3,0.12,50,0.3,3,0.12
Rifle,Braton,Normal Attack,FALSE,540,80,45,8.75,2,1,0,24,0.12,1.6,0.06,0,0,0,0
Rifle,Braton Prime,Incarnon Form & AOE,FALSE,600,80,75,5.67,2.15,1,0,70,0.3,3,0.3,70,0.3,3,0.3
Rifle,Braton Prime,Normal Attack,FALSE,600,80,75,9.58,2.15,1,0,35,0.12,2,0.26,0,0,0,0
Rifle,Braton Vandal,Incarnon Form & AOE,FALSE,550,80,50,4.67,1.75,1,0,65,0.38,3.2,0.22,65,0.38,3.2,0.22
Rifle,Braton Vandal,Normal Attack,FALSE,550,80,50,7.5,1.75,1,0,35,0.16,2,0.16,0,0,0,0
Pistol,Bronco,Incarnon Form,TRUE,210,20,2,2.5,1.05,7,0,22,0.2,3,0.1886,0,0,0,0
Pistol,Bronco,Normal Attack,TRUE,210,20,2,4,1.05,7,0,42,0.06,2,0.0943,0,0,0,0
Pistol,Bronco Prime,Incarnon Form,TRUE,210,20,4,3,2,7,0,34,0.24,3.2,0.2571,0,0,0,0
Pistol,Bronco Prime,Normal Attack,TRUE,210,20,4,4.17,2,7,0,50,0.06,2,0.1286,0,0,0,0
Shotgun,Bubonico,Auto,FALSE,0,0,27,3.83,4.5,7,0,41,0.25,2.3,0.0929,0,0,0,0
Shotgun,Bubonico,Burst & Radial,FALSE,0,0,27,5,4.5,1,0,9,0.03,3.5,0.57,143,0.03,3.5,0.57
Rifle,Burston,Incarnon Form & Radial,FALSE,540,80,45,20,2,1,0,3,0.3,3,0.3,3,0.3,3,0.3
Rifle,Burston,Normal Attack,FALSE,540,80,45,5,2,1,0,30,0.06,1.6,0.18,0,0,0,0
Rifle,Burston Prime,Incarnon Form & Radial,FALSE,540,80,45,20,2,1,0,13,0.28,3,0.3,13,0.28,3,0.3
Rifle,Burston Prime,Normal Attack,FALSE,540,80,45,5,2,1,0,46,0.18,1.8,0.3,0,0,0,0
Rifle,Buzlok,Normal Attack,FALSE,540,80,50,6.25,3,1,0,60,0.23,2.5,0.21,0,0,0,0
Pistol,Cantare,Normal Attack,FALSE,0,0,6,3.33,1.2,1,1.4,90,0.18,2,0.22,0,0,0,0
Rifle,Carmine Penta,Grenade Impact & Detonation,FALSE,40,5,10,2.7,2.5,1,0,75,0.1,2,0.1,350,0.1,2,0.1
Pistol,Castanas,Detonation,FALSE,18,4,2,3.33,1,1,0,160,0.08,1.5,0.22,0,0,0,0
Pistol,Catabolyst,Partial Reload Impact & Explosion,FALSE,155,20,31,12,1.7,1,0,11,0.11,2.9,0.43,203,0.11,2.9,0.43
Pistol,Catabolyst,Primary,FALSE,155,20,31,12,1.7,1,0.9,53,0.11,2.9,0.43,0,0,0,0
Pistol,Catabolyst,Reload From Empty Impact & Explosion,FALSE,155,20,31,12,2.1,1,0,11,0.31,2.9,0.59,1997,0.31,2.9,0.59
Shotgun,Cedo,Alt-Fire Glaive & Radial,FALSE,200,15,40,1,2.2,1,0,20,0.02,1.4,0.5,10,0.02,1.4,0.5
Shotgun,Cedo,Normal Attack,FALSE,200,15,40,3.83,2.2,6,0.8,30,0.2,2.4,0.003,0,0,0,0
Shotgun,Cedo Prime,Alt-Fire Glaive & Radial,FALSE,200,15,40,1,1.8,1,0,20,0.1,2,0.5,10,0.1,2,0.5
Shotgun,Cedo Prime,Normal Attack,FALSE,200,15,40,4.5,1.8,7,0.8,32,0.24,2.4,0.02,0,0,0,0
Bow,Cernos,Charged Shot,FALSE,72,15,1,0.9,0.6,1,1,380,0.36,2,0.18,0,0,0,0
Bow,Cernos Prime,Charged Horizontal/Vertical Shot,FALSE,72,15,1,0.86,0.65,3,1,184,0.35,2,0.3,0,0,0,0
Pistol,Cestra,Incarnon Form,FALSE,420,40,60,6.67,2,1,0,50,0.5,3,0.18,0,0,0,0
Pistol,Cestra,Normal Attack,FALSE,420,40,60,8.33,2,1,0,26,0.06,1.6,0.2,0,0,0,0
Bow,Cinta,Charged Shot,FALSE,60,10,1,0.47,0.6,1,0,800,0.36,3,0.32,0,0,0,0
Bow,Cinta,Perfect Shot,FALSE,60,10,1,0.6,0.6,1,0,600,0.2,2,0.34,0,0,0,0
Bow,Cinta,Quick Shot,FALSE,60,10,1,1.66,0.6,1,0,450,0.2,2,0.3,0,0,0,0
Shotgun,Coda Bassocyst,Alt-Fire,TRUE,96,15,24,1,2.5,6,0,303,0.18,2.2,0.4,0,0,0,0
Shotgun,Coda Bassocyst,Normal Attack,TRUE,96,15,24,1.17,2.5,1,0,808,0.18,2.2,0.4,0,0,0,0
Pistol,Coda Catabolyst,Partial Reload Impact & Explosion,FALSE,155,20,37,12,1.7,3,0,11,0.11,2.9,0.43,74,0.11,2.9,0.43
Pistol,Coda Catabolyst,Primary,FALSE,155,20,37,12,1.7,1,0.9,56,0.11,2.9,0.5,0,0,0,0
Pistol,Coda Catabolyst,Reload From Empty Impact & Explosion,FALSE,155,20,37,12,2.1,3,0,11,0.31,2.9,0.59,658,0.31,2.9,0.59
Rifle,Coda Hema,Normal Attack,FALSE,0,0,72,5.33,2,1,0,52,0.2,2.3,0.3,0,0,0,0
Pistol,Coda Pox,Spore Impact & Cloud,FALSE,20,4,4,2.08,1,1,0,55,0.1,2,0.45,35,0.1,2.2,0.45
Rifle,Coda Sporothrix,Normal Attack,TRUE,45,15,11,1.83,2.5,1,0,376,0.05,3,0.55,0,0,0,0
Rifle,Coda Synapse,Normal Attack,FALSE,540,80,76,12,1.5,1,1.2,26,0.4,2.7,0.15,0,0,0,0
Pistol,Coda Tysis,Corrosive DoT,TRUE,210,40,18,0,1.2,1,0,59,0.13,2,0.5,0,0,0,0
Pistol,Coda Tysis,Normal Attack,TRUE,210,40,18,2.5,1.2,1,0,76,0.13,2,0.5,0,0,0,0
Shotgun,Convectrix,Alt-Fire,FALSE,700,80,70,16,2,2,0.6,9,0.16,2.4,0.45,0,0,0,0
Shotgun,Convectrix,Normal Attack,FALSE,700,80,70,12,2,2,0.6,12,0.16,2.4,0.45,0,0,0,0
Shotgun,Corinth,Air Burst Projectile & Explosion,TRUE,135,15,5,1.17,2.3,1,0,100,0.04,1.6,0.28,404,0.04,1.6,0.28
Shotgun,Corinth,Buckshot,TRUE,135,15,5,1.17,2.3,6,0,90,0.3,2.8,0.06,0,0,0,0
Shotgun,Corinth Prime,Air Burst Projectile & Explosion,TRUE,120,15,20,0.66,3,1,0,100,0.04,1.6,0.5,2200,0.04,1.6,0.5
Shotgun,Corinth Prime,Buckshot,TRUE,120,15,20,1.42,3,6,0,90,0.3,2.8,0.09,0,0,0,0
Pistol,Cyanex,Burst Mode,FALSE,210,20,11,4.67,2.2,1,0.5,72,0.08,1.4,0.32,0,0,0,0
Pistol,Cyanex,Projectile Impact & Explosion,FALSE,210,20,11,4.67,2.2,1,0,50,0.08,1.4,0.32,41,0.08,1.4,0.32
Pistol,Cycron,Normal Attack,FALSE,0,0,40,12,2,1,1,23,0.12,1.8,0.3,0,0,0,0
Bow,Daikyu,Charged Shot,FALSE,72,15,1,0.62,0.6,1,3,700,0.34,2,0.46,0,0,0,0
Bow,Daikyu Prime,Charged Shot,FALSE,72,15,1,0.62,0.6,1,3,750,0.4,2.4,0.5,0,0,0,0
Rifle,Dera,Incarnon Form,FALSE,540,80,45,2,1.8,1,3,330,0.22,3,0.18,0,0,0,0
Rifle,Dera,Normal Attack,FALSE,540,80,45,11.25,1.8,1,0,30,0.08,1.6,0.22,0,0,0,0
Rifle,Dera Vandal,Incarnon Form,FALSE,540,80,60,2,1.8,1,3,370,0.3,3,0.22,0,0,0,0
Rifle,Dera Vandal,Normal Attack,FALSE,540,80,60,11.25,1.8,1,0,32,0.08,2,0.3,0,0,0,0
Pistol,Despair,Incarnon Form & Radial,FALSE,210,40,10,3,0.75,1,0,60,0.3,3,0.2,160,0.3,3,0.3
Pistol,Despair,Normal Attack,FALSE,210,40,10,3.33,0.75,1,0,58,0.16,1.6,0.16,0,0,0,0
Pistol,Detron,Normal Attack,TRUE,210,20,5,3.33,1.05,7,0,40,0.04,1.5,0.1286,0,0,0,0
Pistol,Dex Furis,Normal Attack,FALSE,400,40,100,20,2,1,0,16,0.14,2,0.28,0,0,0,0
Pistol,Dex Pixia,Normal Attack,FALSE,0,0,60,5.83,0.3,1,0,160,0.1,2,0.25,0,0,0,0
Pistol,Dex Pixia Prime,Normal Attack,FALSE,0,0,60,5.83,0.3,1,0,160,0.1,2,0.25,0,0,0,0
Rifle,Dex Sybaris,Incarnon Form,FALSE,540,80,14,3.33,1.5,1,0,96,0.3,3,0.2,0,0,0,0
Rifle,Dex Sybaris,Normal Attack,FALSE,540,80,14,3.33,1.5,1,0,75,0.35,2,0.1,0,0,0,0
Shotgun,Drakgoon,Charged Shot,FALSE,120,15,7,1.24,2.3,10,2,70,0.075,2,0.069,0,0,0,0
Bow,Dread,Charged Shot,FALSE,72,15,1,0.83,0.7,1,2.5,336,0.5,2,0.2,0,0,0,0
Bow,Dread,Incarnon Form Charged Shot,FALSE,72,15,1,0.76,0.7,1,0,400,0.5,3,0.3,0,0,0,0
Pistol,Dual Cestra,Normal Attack,FALSE,480,40,120,18.75,3.5,1,0,26,0.06,1.6,0.2,0,0,0,0
Pistol,Dual Coda Torxica,Normal Attack,FALSE,480,60,160,6,2.3,1,0,50,0.25,2.4,0.28,0,0,0,0
Pistol,Dual Toxocyst,Incarnon Form,FALSE,72,40,12,4.5,2.35,1,0,75,0.11,3,0.43,0,0,0,0
Pistol,Dual Toxocyst,Normal Attack,FALSE,72,40,12,1,2.35,1,0,75,0.05,2,0.37,0,0,0,0
Rifle,EFV-5 Jupiter,Auto,FALSE,540,80,65,7.83,2.5,1,0,61,0.21,2.3,0.25,0,0,0,0
Rifle,EFV-5 Jupiter,Buckshot,FALSE,540,80,65,0.88,2.5,11,0,127,0.21,2.1,0.0573,0,0,0,0
Pistol,EFV-8 Mars,Alt-Fire & AOE,TRUE,210,60,15,6.5,1.2,1,0,35,0.27,2.1,0.33,313,0.27,2.1,0.33
Pistol,EFV-8 Mars,Normal Attack,TRUE,210,60,15,6.5,1.2,1,0,75,0.27,2.1,0.17,0,0,0,0
Pistol,Embolist,Normal Attack,FALSE,210,40,33,8,1.3,1,0,35,0.03,1.5,0.41,0,0,0,0
Pistol,Epitaph,Charged Shot,FALSE,40,20,1,1.04,0.6,1,2,300,0.48,2.6,0.04,0,0,0,0
Pistol,Epitaph,Uncharged Direct Hit & AOE,FALSE,40,20,1,1.66,0.6,1,0,100,0.02,1.2,0.5,20,0.02,1.2,0.5
Pistol,Epitaph Prime,Charged Shot,FALSE,40,20,1,1.04,0.6,1,2,315,0.5,3,0.14,0,0,0,0
Pistol,Epitaph Prime,Uncharged Direct Hit & AOE,FALSE,40,20,1,1.66,0.6,1,0,100,0.04,1.8,0.5,30,0.04,1.8,0.5
Pistol,Euphona Prime,Buckshot,TRUE,40,20,5,1.5,2,10,0,88,0.02,2,0.09,0,0,0,0
Pistol,Euphona Prime,Slug,TRUE,40,20,5,1.5,2,1,0,325,0.3,2.5,0.02,0,0,0,0
Bow,Evensong,Charged Shot & Radial,FALSE,72,15,1,0.55,0.6,1,0,500,0.25,2.2,0.38,150,0.25,2.2,0.38
Bow,Evensong,Quick Shot,FALSE,72,15,1,1.66,0.6,1,0,325,0.25,2.2,0.38,0,0,0,0
Shotgun,Exergis,Normal Attack,TRUE,47,15,1,0.62,1.6,3,0.5,540,0.08,1.4,0.36,0,0,0,0
Shotgun,Felarx,Incarnon Form,FALSE,60,15,6,1.5,3.7,1,0,600,0.2,3,0.2,0,0,0,0
Shotgun,Felarx,Normal Attack,FALSE,60,15,6,3,3.7,4,0,190,0.2,2,0.055,0,0,0,0
Rifle,Ferrox,Attraction Field,FALSE,100,20,10,0.5,1.8,1,0,150,0.04,2,0.5,0,0,0,0
Rifle,Ferrox,Charged Shot & Radial,FALSE,100,20,10,0.79,1.8,1,1.5,350,0.32,2.8,0.1,100,0.32,2.8,0.1
Rifle,Ferrox,Spear Throw,FALSE,100,20,10,1,2,1,0,50,0.04,2,0.33,0,0,0,0
Rifle,Flux Rifle,Normal Attack,FALSE,0,0,50,12,2.25,1,0.5,22,0.1,2,0.24,0,0,0,0
Rifle,Fulmin,Full Auto Mode,FALSE,0,0,60,9.33,3,1,0,33,0.28,2.4,0.1,0,0,0,0
Rifle,Fulmin,Semi-Auto Mode,FALSE,0,0,60,2.17,3,1,0,500,0.3,2.2,0.16,0,0,0,0
Rifle,Fulmin Prime,Full Auto Mode,FALSE,0,0,80,9.33,2.7,1,0,33,0.34,2.4,0.1,0,0,0,0
Rifle,Fulmin Prime,Semi-Auto Mode,FALSE,0,0,80,2.17,2.7,1,0,550,0.3,2.2,0.22,0,0,0,0
Pistol,Furis,Incarnon Form,FALSE,210,40,35,12,1.4,1,0,100,0.26,3.4,0.24,0,0,0,0
Pistol,Furis,Normal Attack,FALSE,210,40,35,10,1.4,1,0,20,0.05,2,0.12,0,0,0,0
Pistol,Fusilai,Full Auto Mode,FALSE,72,40,6,2.83,0.8,1,0,77,0.23,1.7,0.29,0,0,0,0
Pistol,Fusilai,Semi-Auto Mode,FALSE,72,40,6,1.5,0.8,3,0,77,0.03,1.5,0.123,0,0,0,0
Pistol,Gammacor,Incarnon Form & Radial,FALSE,240,40,60,1,1.4,1,0,80,0.14,1.8,0.22,660,0.14,1.8,0.22
Pistol,Gammacor,Normal Attack,FALSE,240,40,60,12,1.4,1,0,16,0.08,1.8,0.2,0,0,0,0
Rifle,Glaxion,Normal Attack,FALSE,720,80,80,12,2.2,1,0,26,0.08,2,0.34,0,0,0,0
Rifle,Glaxion Vandal,Normal Attack,FALSE,800,80,100,12,1.8,1,0,29,0.14,2,0.38,0,0,0,0
Pistol,Glory,Alternate Fire,FALSE,0,0,0,1.67,0,1,0,1500,0.15,2,0.2,0,0,0,0
Pistol,Glory,Normal Attack,FALSE,0,0,0,1.67,0,1,0,150,0.15,2,0.2,0,0,0,0
Rifle,Gorgon,Fully Spooled,FALSE,540,80,90,12.5,4.2,1,0,25,0.17,1.5,0.09,0,0,0,0
Rifle,Gorgon,Incarnon Form & AOE,FALSE,540,80,90,0.83,4.2,1,0,100,0.21,1.9,0.19,750,0.21,1.9,0.19
Rifle,Gorgon Wraith,Fully Spooled,FALSE,900,80,90,13.33,3,1,0,27,0.15,1.9,0.21,0,0,0,0
Rifle,Gorgon Wraith,Incarnon Form & AOE,FALSE,900,80,90,1,3,1,0,125,0.19,2.1,0.27,750,0.19,2.1,0.27
Rifle,Gotva Prime,Normal Attack,FALSE,840,80,84,13.33,2,1,0.5,25,0.23,2.5,0.27,0,0,0,0
Rifle,Grakata,Normal Attack,FALSE,750,80,60,20,2.4,1,0,11,0.25,2,0.2,0,0,0,0
Pistol,Grimoire,Active Attack & Radial,FALSE,0,10,0,1,0,1,0,350,0.2,2,0.26,250,0.2,2,0.26
Pistol,Grimoire,Normal Attack & Radial,FALSE,0,10,0,1.5,0,1,0,100,0.2,2,0.26,50,0.2,2,0.26
Rifle,Grinlok,Normal Attack,TRUE,540,80,9,1.67,1.7,1,0,187,0.15,2.5,0.35,0,0,0,0
Rifle,Harpak,Harpoon,FALSE,540,80,45,1.5,2,1,0,100,0.25,2.3,0.13,0,0,0,0
Rifle,Harpak,Normal Attack,FALSE,540,80,45,5,2,1,0,50,0.2,2.3,0.17,0,0,0,0
Shotgun,Hek,Normal Attack,TRUE,120,15,4,2.17,2,7,0,75,0.1,2,0.107,0,0,0,0
Rifle,Hema,Normal Attack,FALSE,0,0,60,5,2,1,0,47,0.11,2,0.25,0,0,0,0
Rifle,Higasa,Auto,FALSE,540,80,90,2.5,2.5,1,0,26,0.24,2,0.18,0,0,0,0
Rifle,Higasa,Charged Shot,FALSE,540,80,90,0.54,2.5,1,2,390,0.24,2,0.18,0,0,0,0
Pistol,Hikou,Normal Attack,FALSE,210,40,20,6.67,0.75,1,0,26,0.04,1.6,0.1,0,0,0,0
Pistol,Hikou Prime,Normal Attack,FALSE,210,40,26,5.83,0.5,1,0,36,0.06,1.8,0.28,0,0,0,0
Rifle,Hind,Burst Mode,FALSE,540,80,65,5,2,1,0,30,0.07,1.5,0.15,0,0,0,0
Rifle,Hind,Semi-Auto Mode,FALSE,540,80,65,2.5,2,1,0,60,0.15,2,0.1,0,0,0,0
Pistol,Hystrix,Electric Quill,FALSE,320,40,16,7,1.7,1,0,40,0.24,2.2,0.1,0,0,0,0
Pistol,Hystrix,Fire Quill,FALSE,320,40,16,7,1.7,1,0,40,0.24,2.2,0.1,0,0,0,0
Pistol,Hystrix,Ice Quill,FALSE,320,40,16,7,1.7,1,0,36,0.24,2.2,0.1,0,0,0,0
Pistol,Hystrix,Poison Quill,FALSE,320,40,16,7,1.7,1,0,36,0.24,2.2,0.1,0,0,0,0
Pistol,Hystrix Prime,Electric Quill,FALSE,320,40,16,7,1.6,1,0,46,0.28,2.2,0.2,0,0,0,0
Pistol,Hystrix Prime,Fire Quill,FALSE,320,40,16,7,1.6,1,0,46,0.28,2.2,0.2,0,0,0,0
Pistol,Hystrix Prime,Ice Quill,FALSE,320,40,16,7,1.6,1,0,46,0.28,2.2,0.2,0,0,0,0
Pistol,Hystrix Prime,Poison Quill,FALSE,320,40,16,7,1.6,1,0,46,0.28,2.2,0.2,0,0,0,0
Rifle,Ignis,Normal Attack,FALSE,150,40,150,8,2,1,0,33,0.11,2,0.27,0,0,0,0
Rifle,Ignis Wraith,Normal Attack,FALSE,200,40,200,8,1.7,1,0,35,0.17,2.5,0.29,0,0,0,0
Rifle,Javlok,Projectile Impact & Explosion,FALSE,150,60,6,1.66,1.9,1,0,160,0.2,2,0.25,120,0.2,2,0.25
Rifle,Javlok,Spear Throw Impact & Explosion,FALSE,150,60,6,1,0.6,1,0,150,0.2,2,0.25,300,0.2,2,0.25
Rifle,Karak,Normal Attack,FALSE,540,80,30,11.67,2,1,0,29,0.09,1.5,0.15,0,0,0,0
Rifle,Karak Wraith,Normal Attack,FALSE,540,80,60,11.67,2,1,0,31,0.13,2,0.25,0,0,0,0
Pistol,Knell,Normal Attack,FALSE,10,40,1,0.5,2,1,0,150,0.2,1.5,0.05,0,0,0,0
Pistol,Knell Prime,Normal Attack,FALSE,20,40,1,0.5,2,1,0,180,0.4,2,0.1,0,0,0,0
Shotgun,Kohm,Fully Spooled,FALSE,960,40,245,3.67,2,12,1.5,30,0.11,2.3,0.0625,0,0,0,0
Shotgun,Kohm,Single Pellet,FALSE,960,40,245,0.73,2,1,1.5,30,0.11,2.3,0.75,0,0,0,0
Pistol,Kohmak,Fully Spooled,FALSE,210,30,40,5,2,5,0,30,0.11,2,0.138,0,0,0,0
Pistol,Kohmak,Single Pellet,FALSE,210,30,40,1,2,1,1.5,30,0.11,2,0.69,0,0,0,0
Rifle,Komorex,3.5x Zoom Normal & Radial Attack,TRUE,40,15,20,5,3,1,0,97,0.16,2.1,0.35,53,0.16,2.1,0.34
Rifle,Komorex,Normal Attack,TRUE,40,15,20,5,3,1,0,97,0.16,2.1,0.35,0,0,0,0
Pistol,Kompressa,Normal Attack & Explosion,FALSE,144,20,12,3.33,1.8,4,0,2,0.06,1.8,0.3,42,0.06,1.8,0.3
Pistol,Kompressa Prime,Normal Attack & Explosion,FALSE,144,20,12,3.33,1.8,4,0,2,0.16,1.8,0.36,46,0.16,1.8,0.36
Pistol,Kraken,Normal Attack,FALSE,210,40,14,2.83,2.45,1,0,49,0.05,2,0.13,0,0,0,0
Pistol,Kulstar,Cluster Bombs & Explosion,TRUE,15,3,3,2,2,3,0,75,0.17,2.3,0.19,90,0.17,2.3,0.19
Pistol,Kulstar,Rocket Impact & Explosion,TRUE,15,3,3,2,2,1,0,200,0.17,2.3,0.19,300,0.17,2.3,0.19
Pistol,Kunai,Incarnon Form,FALSE,210,40,10,3.33,0.75,2,0,40,0.18,2,0.16,0,0,0,0
Pistol,Kunai,Normal Attack,FALSE,210,40,10,3.33,0.75,1,0,46,0.08,1.6,0.08,0,0,0,0
Pistol,Kuva Brakk,Normal Attack,TRUE,210,20,11,5,1.1,10,0.5,15,0.29,2,0.111,0,0,0,0
Bow,Kuva Bramma,Charged Shot & Radial,FALSE,5,1,1,1,0.6,1,0,187,0.35,2.1,0.21,839,0.35,2.1,0.21
Bow,Kuva Bramma,Cluster Bomb Contact,FALSE,5,1,1,1,0.6,3,0,49,0.35,2.1,0.21,57,0.35,2.1,0.21
Rifle,Kuva Chakkhurr,Normal Attack & Explosion,TRUE,55,15,11,1.17,3.3,1,0,260,0.5,2.3,0.27,106,0.5,2.3,0.27
Shotgun,Kuva Drakgoon,Charged Shot,FALSE,120,15,11,1.66,2,10,1.5,46,0.21,2.5,0.09,0,0,0,0
Shotgun,Kuva Hek,Alt-Fire,TRUE,120,15,4,1.17,2,28,0.3,87,0.23,2.1,0.0332,0,0,0,0
Shotgun,Kuva Hek,Normal Attack,TRUE,120,15,4,2.17,2,7,0,87,0.23,2.1,0.13,0,0,0,0
Rifle,Kuva Hind,Auto,FALSE,540,80,90,10,2.3,1,0,30,0.21,1.9,0.33,0,0,0,0
Rifle,Kuva Hind,Burst,FALSE,540,80,90,5,2.3,1,0,30,0.25,2.1,0.33,0,0,0,0
Rifle,Kuva Hind,Semi-Auto,FALSE,540,80,90,2.5,2.3,1,0,90,0.37,2.9,0.21,0,0,0,0
Rifle,Kuva Karak,Normal Attack,FALSE,540,80,70,11.67,1.7,1,0.2,23,0.23,2.1,0.31,0,0,0,0
Shotgun,Kuva Kohm,Fully Spooled,FALSE,836,40,209,4.17,2,12,1.5,20,0.19,2.3,0.075,0,0,0,0
Shotgun,Kuva Kohm,Single Pellet,FALSE,836,40,209,0.83,2,1,1.5,20,0.19,2.3,0.9,0,0,0,0
Pistol,Kuva Kraken,Alt-Fire,FALSE,210,40,21,4.17,2,1,0,43,0.21,2.3,0.29,0,0,0,0
Pistol,Kuva Kraken,Normal Attack,FALSE,210,40,21,2.83,1.5,1,0,43,0.21,2.3,0.29,0,0,0,0
Pistol,Kuva Nukor,Normal Attack,FALSE,210,20,77,10,2,1,0,21,0.07,5,0.5,0,0,0,0
Rifle,Kuva Ogris,Rocket Impact & Explosion,TRUE,7,1,3,1.5,2.1,1,0,27,0.09,2,0.47,687,0.09,2,0.47
Rifle,Kuva Quartakk,Burst-Fire While Aiming,FALSE,880,80,88,1.58,1.7,1,0.5,54,0.31,2.3,0.27,0,0,0,0
Rifle,Kuva Quartakk,Full-Auto,FALSE,880,80,88,4.83,1.7,1,0,54,0.21,1.9,0.33,0,0,0,0
Pistol,Kuva Seer,Projectile Impact & Explosion,TRUE,27,9,9,2.5,2.3,1,0,131,0.21,1.9,0.33,69,0.21,1.9,0.33
Shotgun,Kuva Sobek,Normal Attack,FALSE,240,15,20,2.5,2.1,5,0,77,0.21,2.3,0.21,0,0,0,0
Rifle,Kuva Tonkor,Grenade Impact & Explosion,TRUE,30,3,1,0.66,1.5,1,0,59,0.3,2.5,0.17,674,0.3,2.5,0.17
Pistol,Kuva Twin Stubbas,Normal Attack,FALSE,684,40,114,10,2.7,1,0,27,0.23,1.9,0.31,0,0,0,0
Rifle,Kuva Zarr,Barrage Mode,TRUE,5,1,5,2.17,4.8,10,1.6,50,0.37,2.5,0.097,0,0,0,0
Rifle,Kuva Zarr,Cannon Mode Cluster Bomb Contact & Explosion,TRUE,5,1,5,2.17,4.8,3,0,15,0.25,2.5,0.31,50,0.25,2.5,0.31
Rifle,Kuva Zarr,Cannon Mode Projectile & Explosion,TRUE,5,1,5,2.17,4.8,1,0,50,0.25,2.5,0.31,673,0.25,2.5,0.31
Pistol,Laetum,Incarnon Form & Radial,FALSE,210,40,12,6.67,2,1,0,100,0.22,2.2,0.22,300,0.22,2.2,0.22
Pistol,Laetum,Normal Attack,FALSE,210,40,12,2.5,2,1,0,160,0.22,2.2,0.22,0,0,0,0
Rifle,Lanka,Charged Shot,FALSE,72,15,10,1,2,1,5,525,0.25,2,0.25,0,0,0,0
Rifle,Lanka,Partially Charged Shot,FALSE,72,15,10,3.03,2,1,1.5,200,0.2,2,0.25,0,0,0,0
Pistol,Lato,Incarnon Form,TRUE,210,40,15,3.5,1,2,0.4,64,0.16,2.6,0.06,0,0,0,0
Pistol,Lato,Normal Attack,TRUE,210,40,15,4.5,1,1,0,40,0.1,1.8,0.06,0,0,0,0
Pistol,Lato Prime,Incarnon Form,TRUE,210,40,20,4,1,2,1,78,0.36,3.2,0.15,0,0,0,0
Pistol,Lato Prime,Normal Attack,TRUE,210,40,20,5,1,1,0,60,0.3,2.6,0.2,0,0,0,0
Pistol,Lato Vandal,Incarnon Form,TRUE,210,40,15,4,1,2,0.8,76,0.34,3,0.1,0,0,0,0
Pistol,Lato Vandal,Normal Attack,TRUE,210,40,15,5,1,1,0,46,0.26,2.4,0.1,0,0,0,0
Rifle,Latron,Incarnon Form & AOE,TRUE,540,80,15,3.33,2.4,1,0,50,0.32,3,0.24,80,0.32,3,0.24
Rifle,Latron,Normal Attack,TRUE,540,80,15,4.17,2.4,1,0,55,0.12,2,0.12,0,0,0,0
Rifle,Latron Prime,Incarnon Form & AOE,TRUE,540,80,15,3.33,2.4,1,0,50,0.44,3.4,0.3,140,0.44,3.4,0.3
Rifle,Latron Prime,Normal Attack,TRUE,540,80,15,4.17,2.4,1,0,90,0.22,2.8,0.26,0,0,0,0
Rifle,Latron Wraith,Incarnon Form & AOE,TRUE,540,80,15,3.67,2.4,1,0,50,0.48,3.4,0.28,100,0.48,3.4,0.28
Rifle,Latron Wraith,Normal Attack,TRUE,540,80,15,5,2.4,1,0,62,0.26,2.8,0.14,0,0,0,0
Bow,Lenz,Charged Shot & Explosion,FALSE,6,1,1,0.55,0.6,1,0,50,0.5,2,0.05,660,0.5,2,0.05
Pistol,Lex,Incarnon Form,TRUE,210,40,6,0.67,2.35,1,1.4,1000,0.3,3,0.22,0,0,0,0
Pistol,Lex,Normal Attack,TRUE,210,40,6,1.08,2.35,1,0,130,0.2,2,0.1,0,0,0,0
Pistol,Lex Prime,Incarnon Form,TRUE,210,60,8,0.67,2.35,1,1.4,1200,0.35,3,0.44,0,0,0,0
Pistol,Lex Prime,Normal Attack,TRUE,210,60,8,2.08,2.35,1,0,180,0.25,2,0.25,0,0,0,0
Rifle,Lizzie,Cold Wave,FALSE,0,80,0,5.33,0,1,1.4,100,0.15,2,0.25,0,0,0,0
Rifle,Lizzie,Corrosive Wave,FALSE,0,80,0,5.33,0,1,1.4,100,0.15,2,0.25,0,0,0,0
Rifle,Lizzie,Magnetic Wave,FALSE,0,80,0,5.33,0,1,1.4,100,0.15,2,0.25,0,0,0,0
Rifle,Lizzie,Normal Attack,FALSE,0,80,0,8,0,1,0,85,0.35,2.3,0.35,0,0,0,0
Rifle,Lizzie,Viral Wave,FALSE,0,80,0,5.33,0,1,1.4,100,0.15,2,0.25,0,0,0,0
Pistol,Magnus,Normal Attack,TRUE,210,40,8,4.33,1.8,1,0,98,0.22,2,0.22,0,0,0,0
Pistol,Magnus Prime,Normal Attack,TRUE,160,40,8,5,1.6,1,0,98,0.28,2.8,0.28,0,0,0,0
Pistol,Mara Detron,Normal Attack,TRUE,210,20,8,3.33,1.05,7,0,40,0.08,1.5,0.1371,0,0,0,0
Pistol,Marelok,Normal Attack,TRUE,210,40,6,2,1.67,1,0,160,0.15,1.5,0.3,0,0,0,0
Rifle,Miter,Charged Shot,FALSE,80,40,20,0.86,2,1,2.5,500,0.1,2,0.5,0,0,0,0
Rifle,Miter,Incarnon Form & Radial,FALSE,80,40,20,3.33,2,1,0,60,0.2,3.3,0.56,80,0.2,3.3,0.56
Rifle,Miter,Uncharged Shot,FALSE,80,40,20,2.5,2,1,0,100,0.05,2,0.2,0,0,0,0
Rifle,MK1-Braton,Incarnon Form & AOE,FALSE,540,80,60,5,2,1,0,50,0.2,2.4,0.1,50,0.2,2.4,0.1
Rifle,MK1-Braton,Normal Attack,FALSE,540,80,60,7.5,2,1,0,18,0.08,1.5,0.05,0,0,0,0
Pistol,MK1-Furis,Incarnon Form,FALSE,210,40,35,12,1.4,1,0,60,0.2,3,0.08,0,0,0,0
Pistol,MK1-Furis,Normal Attack,FALSE,210,40,35,8.33,1.4,1,0,13,0.05,2,0.01,0,0,0,0
Pistol,MK1-Kunai,Incarnon Form,FALSE,210,40,10,3.33,0.75,2,0,24,0.14,2,0.05,0,0,0,0
Pistol,MK1-Kunai,Normal Attack,FALSE,210,40,10,3.33,0.75,1,0,40,0.05,2,0.025,0,0,0,0
Bow,MK1-Paris,Charged Shot,FALSE,72,15,1,0.95,0.55,1,2,230,0.3,2,0.15,0,0,0,0
Bow,MK1-Paris,Incarnon Form Charged Shot,FALSE,72,15,1,0.74,0.55,1,0,300,0.4,3,0.2,0,0,0,0
Shotgun,MK1-Strun,Incarnon Form & AOE,TRUE,120,15,6,1.5,3.75,1,0,100,0.44,3,0.4,130,0.44,3,0.4
Shotgun,MK1-Strun,Normal Attack,TRUE,120,15,6,2.08,3.75,10,0,18,0.075,2,0.06,0,0,0,0
Bow,Mutalist Cernos,Charged Shot,FALSE,72,15,1,0.9,0.6,1,1,410,0.15,2,0.49,0,0,0,0
Bow,Mutalist Cernos,Uncharged Shot,FALSE,72,15,1,1.66,0.6,1,0,205,0.15,2,0.49,0,0,0,0
Rifle,Mutalist Quanta,Infested Orb & Explosion,FALSE,540,80,60,10,3,1,0,20,0,0,1,100,0.05,1.5,0.39
Rifle,Mutalist Quanta,Normal Attack,FALSE,540,80,60,10,3,1,0,25,0.025,1.5,0.15,0,0,0,0
Bow,Nagantaka,Burst Shot,FALSE,540,80,9,5,2,1,0,159,0.15,2.3,0.39,0,0,0,0
Bow,Nagantaka,Semi-Auto,FALSE,540,80,9,2.5,2.3,1,0,159,0.15,2.3,0.39,0,0,0,0
Bow,Nagantaka Prime,Burst Shot,FALSE,540,80,11,5,2,1,0,173,0.25,2.3,0.39,0,0,0,0
Bow,Nagantaka Prime,Semi-Auto,FALSE,540,80,11,2.5,2.3,1,0,173,0.25,2.3,0.39,0,0,0,0
Bow,Nataruk,Charged Shot,FALSE,0,0,1,0.62,0.6,1,0,900,0.5,2.2,0.5,0,0,0,0
Bow,Nataruk,Perfect Shot,FALSE,0,0,1,0.76,0.6,1,0,900,0.6,2.4,0.5,0,0,0,0
Bow,Nataruk,Quick Shot,FALSE,0,0,1,1.66,0.6,1,0,450,0.2,1.8,0.3,0,0,0,0
Rifle,Neutralizer,Cryo Grenade,TRUE,0,80,12,1.33,2.25,1,0,20,0.3,2,0,0,0,0,0
Rifle,Neutralizer,Normal Attack,TRUE,0,80,12,1,2.25,1,2.5,255,0.45,3,0.1,0,0,0,0
Pistol,Noctua,Active Attack,FALSE,0,10,0,1,0,1,1.4,2750,0.45,3,0.45,0,0,0,0
Pistol,Noctua,Normal Attack,FALSE,0,10,0,1.5,0,1,0,250,0.3,2,0.25,0,0,0,0
Pistol,Nukor,Normal Attack,FALSE,210,20,50,10,2,1,0,22,0.03,4,0.29,0,0,0,0
Pistol,Ocucor,Normal Attack,FALSE,300,40,60,12,1.6,1,0,11,0.16,1.8,0.24,0,0,0,0
Rifle,Ogris,Rocket Impact & Explosion,FALSE,20,5,5,1.03,2.5,1,0,100,0.05,2,0.35,600,0.05,2,0.35
Pistol,Onos,Incarnon Form,FALSE,210,40,20,2,2,1,5,30,0.14,1.6,0.18,0,0,0,0
Pistol,Onos,Incarnon Mode Charge Attack & Radial,FALSE,210,40,20,0.25,2,1,0,2200,0.38,3.2,0.26,1100,0.38,3.2,0.26
Pistol,Onos,Normal Attack,FALSE,210,40,20,1.4,2,1,0,220,0.26,2.4,0.22,0,0,0,0
Rifle,Opticor,Charged Shot & AOE,FALSE,200,40,5,0.33,2,1,1,1000,0.2,2.5,0.2,400,0.2,2.5,0.2
Rifle,Opticor,Quick Shot & AOE,FALSE,200,40,5,1,2,1,0,500,0.2,2.5,0.2,200,0.2,2.5,0.2
Rifle,Opticor Vandal,Charged Shot & AOE,FALSE,200,40,8,0.9,1.4,1,1,400,0.24,2.6,0.3,200,0.24,2.6,0.3
Rifle,Opticor Vandal,Quick Shot & AOE,FALSE,200,40,8,2,1.4,1,0,200,0.24,2.6,0.3,100,0.24,2.6,0.3
Pistol,Pandero,Alt-Fire,FALSE,210,40,8,4.17,1,1,0,72,0.3,2.8,0.1,0,0,0,0
Pistol,Pandero,Normal Attack,FALSE,210,40,8,3,1,1,0,72,0.3,2.8,0.1,0,0,0,0
Pistol,Pandero Prime,Alt-Fire,FALSE,210,40,8,4.17,1,1,0,104,0.3,2.8,0.24,0,0,0,0
Pistol,Pandero Prime,Normal Attack,FALSE,210,40,8,3,1,1,0,104,0.3,2.8,0.24,0,0,0,0
Rifle,Panthera,Alt-Fire,FALSE,540,80,60,2,2,1,0,100,0.25,2,0.35,0,0,0,0
Rifle,Panthera,Normal Attack,FALSE,540,80,60,3,2,1,0,100,0.12,2,0.24,0,0,0,0
Rifle,Panthera Prime,Alt-Fire,FALSE,320,80,80,2,2.4,1,0,100,0.26,2,0.38,0,0,0,0
Rifle,Panthera Prime,Normal Attack & Radial,FALSE,320,80,80,3.67,2.4,1,0,100,0.18,2,0.3,20,0.18,2,0.3
Rifle,Paracyst,Normal Attack,FALSE,540,80,60,8.33,2,1,0,33,0.1,2,0.3,0,0,0,0
Bow,Paris,Charged Shot,FALSE,72,15,1,0.86,0.65,1,2,320,0.3,2,0.1,0,0,0,0
Bow,Paris,Incarnon Form Charged Shot,FALSE,72,15,1,0.68,0.65,1,0,460,0.4,3,0.2,0,0,0,0
Bow,Paris Prime,Charged Shot,FALSE,72,15,1,0.83,0.7,1,3,360,0.45,2,0.2,0,0,0,0
Bow,Paris Prime,Incarnon Form Charged Shot,FALSE,72,15,1,0.66,0.7,1,0,520,0.5,3.4,0.2,0,0,0,0
Rifle,Penta,Grenade Impact & Detonation,FALSE,20,5,5,1,2.5,1,0,75,0.1,2,0.1,350,0.1,2,0.1
Rifle,Perigale,Normal Attack,FALSE,24,12,12,2,3,1,1,172,0.28,2.6,0.16,0,0,0,0
Shotgun,Phage,Normal Attack,FALSE,720,80,90,12,2,7,0,5,0.19,2,0.155,0,0,0,0
Shotgun,Phantasma,Beam,FALSE,275,15,11,12,0.5,6,0,15,0.03,1.5,0.222,0,0,0,0
Shotgun,Phantasma,Cluster Bombs Impact & Explosion,FALSE,275,15,11,2,0.5,5,0,3,0.03,1.5,0.37,18,0.03,1.5,0.37
Shotgun,Phantasma,Plasma Bomb Impact & Explosion,FALSE,275,15,11,0.66,0.5,1,0,15,0.03,1.5,0.37,73,0.03,1.5,0.37
Shotgun,Phantasma Prime,Beam,FALSE,330,15,11,12,0.5,6,0,15,0.11,1.9,0.222,0,0,0,0
Shotgun,Phantasma Prime,Cluster Bombs Impact & Explosion,FALSE,330,15,11,2,0.5,5,0,3,0.03,1.5,0.37,18,0.03,1.5,0.37
Shotgun,Phantasma Prime,Plasma Bomb Impact & Explosion,FALSE,330,15,11,0.66,0.5,1,0,15,0.03,1.5,0.37,73,0.03,1.5,0.37
Rifle,Phenmor,Incarnon Form,FALSE,540,80,30,13.33,2.8,1,3,140,0.2,2,0.2,0,0,0,0
Rifle,Phenmor,Normal Attack,FALSE,540,80,30,3,2.8,1,0,140,0.2,2,0.2,0,0,0,0
Pistol,Plinx,Normal Attack,TRUE,0,0,10,3.33,1.3,1,0,46,0.32,3,0.04,0,0,0,0
Pistol,Pox,Spore Impact & Cloud,FALSE,20,4,4,2.08,1,1,0,50,0.01,2,0.35,20,0.01,2,0.35
Pistol,Prisma Angstrum,Incarnon Form,FALSE,18,3,3,6,1.8,1,0,50,0.26,2.2,0.2,0,0,0,0
Pistol,Prisma Angstrum,Single Rocket Impact & Explosion,FALSE,18,3,3,1.42,1.8,1,0,200,0.18,2.2,0.26,250,0.18,2.2,0.26
Rifle,Prisma Gorgon,Fully Spooled,FALSE,840,80,120,14.17,3,1,0,23,0.3,2.3,0.15,0,0,0,0
Rifle,Prisma Gorgon,Incarnon Form & AOE,FALSE,840,80,120,1.16,3,1,0,75,0.27,2.3,0.21,700,0.27,2.3,0.21
Rifle,Prisma Grakata,Normal Attack,FALSE,1000,80,120,21.67,2,1,0,15,0.25,2.5,0.21,0,0,0,0
Rifle,Prisma Grinlok,Normal Attack,TRUE,540,80,21,1.67,1.7,1,0,187,0.21,2.9,0.37,0,0,0,0
Bow,Prisma Lenz,Charged Shot & Blast,FALSE,8,1,1,0.55,0.6,1,0,56,0.5,2.8,0.16,740,0.5,2.8,0.16
Rifle,Prisma Tetra,Normal Attack,FALSE,540,80,60,7.08,2,1,0,38,0.1,2,0.24,0,0,0,0
Pistol,Prisma Twin Gremlins,Normal Attack,FALSE,600,40,70,8.83,0.9,1,0,27,0.23,1.9,0.23,0,0,0,0
Bow,Proboscis Cernos,Charged Shot & Explosion,FALSE,7,1,1,0.76,0.6,1,0,279,0.07,1.9,0.43,1003,0.07,1.9,0.43
Rifle,Purgator 1,Normal Attack,TRUE,20,2,9,1.5,2.7,1,1.1,781,0.31,2.3,0.19,0,0,0,0
Pistol,Pyrana,Normal Attack,FALSE,210,20,10,4.17,2,12,0,22,0.2,2,0.025,0,0,0,0
Pistol,Pyrana Prime,Normal Attack,FALSE,210,20,12,4,1.6,10,0,24,0.24,2.2,0.036,0,0,0,0
Rifle,Quanta,Beam,FALSE,540,80,60,12,2,2,0,10,0.16,2.2,0.24,0,0,0,0
Rifle,Quanta,Cube (direct hit) & Explosion,FALSE,540,80,60,4,2,1,0,100,0.05,1.5,0.26,150,0.05,1.5,0.26
Rifle,Quanta,Cube (shot by player),FALSE,540,80,60,4,2,1,0,600,0.05,1.5,0.26,0,0,0,0
Rifle,Quanta Vandal,Beam,FALSE,560,80,80,12,1.8,2,0,13,0.22,2.4,0.45,0,0,0,0
Rifle,Quanta Vandal,Cube (direct hit) & Explosion,FALSE,560,80,80,4,1.8,1,0,100,0.05,1.5,0.26,150,0.05,1.5,0.26
Rifle,Quanta Vandal,Cube (shot by player),FALSE,560,80,80,4,1.8,1,0,600,0.05,1.5,0.26,0,0,0,0
Rifle,Quartakk,Burst-Fire,FALSE,840,80,84,1.58,1.9,1,0.5,49,0.19,2.3,0.27,0,0,0,0
Pistol,Quatz,Auto,FALSE,504,40,72,15,2.7,1,0,29,0.13,1.5,0.27,0,0,0,0
Pistol,Quatz,Burst,FALSE,504,40,72,2.5,2.7,1,0,29,0.27,2.5,0.19,0,0,0,0
Rifle,Quellor,Alt-Fire,FALSE,900,80,300,0.45,4,1,0,1400,0.4,2.2,0.1,0,0,0,0
Rifle,Quellor,Auto,FALSE,900,80,300,6,4,1,0.5,58,0.12,1.6,0.38,0,0,0,0
Pistol,Rakta Ballistica,Burst Shot,FALSE,210,40,20,6.67,2,1,0,75,0.05,1.5,0.05,0,0,0,0
Pistol,Rakta Ballistica,Charged Shot,FALSE,210,40,20,0.76,2,1,0,300,0.2,1.5,0.1,0,0,0,0
Bow,Rakta Cernos,Charged Shot,FALSE,72,15,1,1.17,0.6,1,1,470,0.35,2,0.15,0,0,0,0
Shotgun,Rauta,Normal Attack,TRUE,120,15,4,0.8,1.2,8,0,130,0.06,2,0.12,0,0,0,0
Rifle,Reconifex,Normal Attack,FALSE,1000,80,200,8,5,1,0,40,0.28,2.8,0.16,0,0,0,0
Pistol,Regulators,Normal Attack,FALSE,0,0,0,14.8,0,1,0,50,0.25,3,0.1,0,0,0,0
Pistol,Regulators Prime,Normal Attack,FALSE,0,0,0,14.8,0,1,0,50,0.25,3,0.1,0,0,0,0
Pistol,Riot-848,Normal Attack & Radial,FALSE,0,0,16,8,1.2,1,0,12,0.26,2.2,0.26,48,0.26,2.2,0.26
Rifle,Rubico,Normal Attack,TRUE,72,15,5,2.67,2.4,1,1,180,0.3,3,0.12,0,0,0,0
Rifle,Rubico Prime,Normal Attack,TRUE,72,15,5,3.67,2,1,1,187,0.38,3,0.16,0,0,0,0
Pistol,Sancti Castanas,Embedded Detonation,FALSE,18,4,2,3.33,1,1,0,300,0.24,2,0.1,0,0,0,0
Pistol,Sancti Castanas,Mid-Flight Detonation,FALSE,18,4,2,3.33,1,1,0,300,0.24,2,0.34,0,0,0,0
Shotgun,Sancti Tigris,Normal Attack,FALSE,120,15,2,2,1.5,6,0,210,0.15,1.5,0.14,0,0,0,0
Rifle,Scourge,Projectile Impact & Explosion,FALSE,200,60,40,2.67,2.5,1,0,70,0.02,1.5,0.3,55,0.02,1.5,0.3
Rifle,Scourge,Spear Throw Impact & Explosion,FALSE,200,60,40,1,0.6,1,0,150,0.04,2,0.3,55,0.04,2,0.3
Rifle,Scourge Prime,Projectile Impact & Explosion,FALSE,360,60,40,2.67,2.2,1,0,80,0.1,2,0.3,60,0.1,2,0.3
Rifle,Scourge Prime,Spear Throw Impact & Explosion,FALSE,360,60,40,1,0.6,1,0,200,0.1,2,0.3,55,0.1,2,0.3
Pistol,Secura Dual Cestra,Normal Attack,FALSE,480,40,120,12.5,3.5,1,0,28,0.16,1.6,0.28,0,0,0,0
Rifle,Secura Penta,Grenade Impact,FALSE,28,5,7,2,2.5,1,0,75,0.26,2,0.26,300,0.26,2,0.26
Pistol,Seer,Normal Attack,TRUE,210,40,8,2,2.8,1,0,101.01,0.05,1.5,0.13,0,0,0,0
Pistol,Sepulcrum,Lock-On Mode & Radial,FALSE,180,20,90,1,4,1,0,96,0.38,3,0.26,480,0.38,3,0.26
Pistol,Sepulcrum,Primary-Fire & Radial,FALSE,180,20,90,1.83,4,1,0,48,0.3,2.2,0.14,46,0.3,2.2,0.14
Rifle,Shedu,Normal Attack & Radial,FALSE,0,0,7,2.5,1.25,1,0,71,0.25,2.1,0.23,87,0.25,2.1,0.23
Pistol,Sicarus,Incarnon Form,FALSE,210,40,15,3.5,2,1,0,40,0.2,3,0.2,0,0,0,0
Pistol,Sicarus,Normal Attack,FALSE,210,40,15,3.5,2,1,0,30,0.16,2,0.06,0,0,0,0
Pistol,Sicarus Prime,Incarnon Form,FALSE,210,40,24,5,2,1,0,60,0.3,3,0.2,0,0,0,0
Pistol,Sicarus Prime,Normal Attack,FALSE,210,40,24,5,2,1,0,50,0.25,2,0.2,0,0,0,0
Rifle,Simulor,Orb Explosion,FALSE,72,15,8,3,3,1,0,200,0.12,2,0.3,0,0,0,0
Rifle,Simulor,Orb Merging Damage,FALSE,72,15,8,3,3,1,0,100,0.12,2,0.3,0,0,0,0
Rifle,Snipetron,Normal Attack,TRUE,72,15,4,2,3.5,1,2.5,180,0.3,1.5,0.12,0,0,0,0
Rifle,Snipetron Vandal,Normal Attack,TRUE,72,15,6,2,2,1,3,200,0.28,2,0.16,0,0,0,0
Shotgun,Sobek,Normal Attack,FALSE,240,15,20,2.5,2.7,5,0,70,0.11,2,0.162,0,0,0,0
Rifle,Soma,Fully Spooled,FALSE,540,80,100,15,3,1,0,12,0.3,3,0.07,0,0,0,0
Rifle,Soma,Incarnon Form,FALSE,540,80,100,7,3,8,0.8,8,0.1,3,0.025,0,0,0,0
Rifle,Soma Prime,Fully Spooled,FALSE,800,80,200,15,3,1,0,12,0.3,3,0.1,0,0,0,0
Rifle,Soma Prime,Incarnon Form,FALSE,800,80,200,7,3,8,0,18,0.1,3.4,0.03,0,0,0,0
Pistol,Sonicor,Projectile Impact & Explosion,TRUE,150,20,15,1.25,3,1,0,150,0,1,0,50,0.1,2,0.25
Pistol,Spectra,Normal Attack,FALSE,360,40,60,12,1.8,1,0.5,18,0.14,2,0.22,0,0,0,0
Pistol,Spectra Vandal,Normal Attack,FALSE,400,40,80,12,1.2,1,0.5,22,0.2,2,0.28,0,0,0,0
Pistol,Spira,Normal Attack,FALSE,210,40,10,2.5,1,1,0,82,0.3,2,0.08,0,0,0,0
Pistol,Spira Prime,Normal Attack,FALSE,210,40,12,3.33,0.75,1,0,60,0.3,3,0.14,0,0,0,0
Rifle,Sporothrix,Normal Attack & AOE,TRUE,45,15,9,1.83,2.7,1,0,371,0.01,3,0.53,41,0.01,3,0.53
Rifle,Stahlta,Alt-Fire & AOE,FALSE,300,40,40,0.32,1.4,1,0,600,0.4,3,0.5,1200,0.4,3,0.5
Rifle,Stahlta,Auto,FALSE,300,40,40,6,1.4,1,1.2,52,0.24,1.8,0.22,0,0,0,0
Pistol,Staticor,Fully Charged Projectile & Explosion,FALSE,288,20,48,0.77,1.5,1,0,44,0.14,2.2,0.28,106,0.14,2.2,0.28
Pistol,Staticor,Uncharged Projectile & Explosion,FALSE,288,20,48,3.5,1.5,1,0,44,0.14,2.2,0.28,88,0,1,0.28
Shotgun,Steflos,Normal Attack,TRUE,36,15,12,3,2.4,1,0,320,0.14,2.2,0.22,0,0,0,0
Rifle,Stradavar,Full Auto Mode,FALSE,540,80,65,10,2,1,0,28,0.24,2,0.12,0,0,0,0
Rifle,Stradavar,Semi-Auto Mode,FALSE,540,80,65,5,2,1,0,50,0.28,2,0.16,0,0,0,0
Rifle,Stradavar Prime,Full Auto Mode,FALSE,720,80,90,10,2,1,0,30,0.24,2.6,0.12,0,0,0,0
Rifle,Stradavar Prime,Semi-Auto Mode,FALSE,720,80,90,3.33,2,1,1,80,0.3,2.8,0.22,0,0,0,0
Shotgun,Strun,Incarnon Form & AOE,TRUE,120,15,6,2,3.75,1,0,100,0.44,2.8,0.4,170,0.44,2.8,0.4
Shotgun,Strun,Normal Attack,TRUE,120,15,6,2.5,3.75,12,0,25,0.075,1.5,0.05,0,0,0,0
Shotgun,Strun Prime,Incarnon Form & AOE,TRUE,120,15,10,2.5,4.6,1,0,100,0.48,3.4,0.46,200,0.48,3.4,0.46
Shotgun,Strun Prime,Normal Attack,TRUE,120,15,10,3.33,4.6,12,0.8,54,0.24,2.2,0.0667,0,0,0,0
Shotgun,Strun Wraith,Incarnon Form & AOE,TRUE,120,15,10,2,5,1,0,100,0.56,3.4,0.44,200,0.56,3.4,0.44
Shotgun,Strun Wraith,Normal Attack,TRUE,120,15,10,2.5,5,10,0,40,0.18,2.2,0.12,0,0,0,0
Pistol,Stubba,Normal Attack,FALSE,399,40,57,6.33,1.3,1,0,33,0.23,1.9,0.13,0,0,0,0
Pistol,Stug,Blob Embed & Explosion,FALSE,210,40,20,4,2,1,0,4,0.05,1.5,0,75,0.05,1.5,0.1
Rifle,Supra,Fully Spooled,FALSE,1080,80,180,12.5,3,1,0,40,0.12,1.8,0.3,0,0,0,0
Rifle,Supra Vandal,Fully Spooled,FALSE,1600,80,300,12.5,3,1,0,40,0.16,2,0.3,0,0,0,0
Rifle,Sybaris,Incarnon Form,FALSE,540,80,10,3.33,2,1,0,90,0.2,3,0.2,0,0,0,0
Rifle,Sybaris,Normal Attack,FALSE,540,80,10,3.33,2,1,0,80,0.25,2,0.1,0,0,0,0
Rifle,Sybaris Prime,Incarnon Form,FALSE,540,80,20,3.33,2,1,0,110,0.25,3,0.3,0,0,0,0
Rifle,Sybaris Prime,Normal Attack,FALSE,540,80,20,3.33,2,1,0,88,0.3,2,0.25,0,0,0,0
Rifle,Synapse,Normal Attack,FALSE,540,80,70,12,1.5,1,0,20,0.39,2.7,0.13,0,0,0,0
Pistol,Synoid Gammacor,Incarnon Form & Radial,FALSE,400,40,80,1,1.8,1,0,100,0.2,2,0.28,800,0.2,2,0.28
Pistol,Synoid Gammacor,Normal Attack,FALSE,400,40,80,12,1.8,1,0,20,0.2,2,0.28,0,0,0,0
Rifle,Synoid Simulor,Orb Explosion,FALSE,96,15,16,3.33,2,1,0,240,0.14,2,0.35,0,0,0,0
Rifle,Synoid Simulor,Orb Launch,FALSE,96,15,16,3.33,2,1,0,0,0,1,0,0,0,0,0
Rifle,Synoid Simulor,Orb Merging Damage,FALSE,96,15,16,3.33,2,1,0,125,0.14,2,0.35,0,0,0,0
Rifle,Synoid Simulor,Singularity,FALSE,96,15,16,4,2,1,0,50,0,0,0,0,0,0,0
Pistol,Talons,Embedded Detonation,FALSE,12,4,4,3.33,1,1,0,250,0.22,2,0.1,0,0,0,0
Pistol,Talons,Mid-Flight Detonation,FALSE,12,4,4,3.33,1,1,0,120,0.22,2,0.26,0,0,0,0
Pistol,Telos Akbolto,Normal Attack,TRUE,210,40,30,5,2,1,0,70,0.13,2,0.29,0,0,0,0
Rifle,Telos Boltor,Incarnon Form,FALSE,540,80,90,10.33,2.4,3,0.6,20,0.36,3.2,0.1067,0,0,0,0
Rifle,Telos Boltor,Normal Attack,FALSE,540,80,90,9.33,2.4,1,0,30,0.3,2.4,0.16,0,0,0,0
Shotgun,Tenet Arca Plasmor,Normal Attack,TRUE,40,15,10,1,3,1,0,760,0.22,2,0.34,0,0,0,0
Pistol,Tenet Cycron,Normal Attack,FALSE,0,0,40,12,1.5,1,1,22,0.2,1.8,0.4,0,0,0,0
Pistol,Tenet Detron,Burst Shot,FALSE,210,20,6,2,1.05,10,0,26,0.18,2,0.1,0,0,0,0
Pistol,Tenet Detron,Normal Attack,FALSE,210,20,6,3.33,1.05,10,0,26,0.18,2,0.1,0,0,0,0
Pistol,Tenet Diplos,Lock-on Mode,FALSE,460,40,92,1,2.8,1,0,28,0.36,2.2,0.14,0,0,0,0
Pistol,Tenet Diplos,Normal Attack,FALSE,460,40,92,9.67,2.8,1,1,28,0.36,2.2,0.14,0,0,0,0
Rifle,Tenet Envoy,Grenade Impact & Explosion,FALSE,16,4,8,0.83,4,1,0,100,0.28,2.6,0.24,640,0.28,2.6,0.24
Rifle,Tenet Ferrox,Charged Shot & Radial,FALSE,100,20,20,1.29,1.8,1,0,200,0.34,3,0.26,60,0.34,3,0.26
Rifle,Tenet Ferrox,Spear Throw & Field,FALSE,100,20,20,1,2,1,0,50,0.04,2,0.4,150,0.04,2,0.5
Rifle,Tenet Flux Rifle,Normal Attack,FALSE,1200,80,120,15,1.8,1,0,22,0.2,1.8,0.26,0,0,0,0
Rifle,Tenet Glaxion,Normal Attack,FALSE,810,80,90,12,2,1,0,34,0.2,2.2,0.4,0,0,0,0
Pistol,Tenet Plinx,Alt-Fire & AOE,FALSE,0,0,10,0.55,2.5,1,0,100,0.4,3,0.2,100,0.4,3,0.5
Pistol,Tenet Plinx,Semi-Auto,FALSE,0,0,10,3.33,1.3,1,0,70,0.44,3,0.12,0,0,0,0
Pistol,Tenet Spirex,Slug Impact & Explosion,TRUE,80,40,8,2.33,2.4,1,0,120,0.26,2.4,0.4,80,0.26,2.4,0.4
Rifle,Tenet Tetra,Grenade Impact & AOE,FALSE,480,40,80,1.33,1.8,1,0,200,0.28,2.2,0.3,1000,0.28,2.2,0.3
Rifle,Tenet Tetra,Normal Attack,FALSE,480,40,80,5,2.2,1,0,60,0.28,2.2,0.3,0,0,0,0
Rifle,Tenora,Charged Attack,FALSE,900,80,150,1.11,2.5,1,1,240,0.34,3,0.11,0,0,0,0
Rifle,Tenora,Fully Spooled,FALSE,900,80,150,11.67,2.5,1,0,24,0.28,2,0.16,0,0,0,0
Rifle,Tenora Prime,Charged Attack,FALSE,1000,80,200,0.76,2.5,1,1,280,0.4,3,0.2,0,0,0,0
Rifle,Tenora Prime,Fully Spooled,FALSE,1000,80,200,12.67,2.5,1,0,28,0.3,2.2,0.24,0,0,0,0
Rifle,Tetra,Normal Attack,FALSE,540,80,60,6.67,2,1,0,32,0.04,1.5,0.2,0,0,0,0
Rifle,Tiberon,Normal Attack,FALSE,540,80,30,6.67,2.26,1,0,44,0.26,2.4,0.16,0,0,0,0
Rifle,Tiberon Prime,Auto,FALSE,540,80,42,8.33,2,1,0,48,0.16,2.8,0.32,0,0,0,0
Rifle,Tiberon Prime,Burst,FALSE,540,80,42,5,2,1,0,48,0.28,3,0.2,0,0,0,0
Rifle,Tiberon Prime,Semi-Auto,FALSE,540,80,42,5,2,1,0,48,0.42,3.4,0.18,0,0,0,0
Shotgun,Tigris,Normal Attack,FALSE,120,15,2,2,1.8,5,0,210,0.1,2,0.168,0,0,0,0
Shotgun,Tigris Prime,Normal Attack,FALSE,120,15,2,2,1.8,8,0,195,0.1,2,0.1125,0,0,0,0
Rifle,Tonkor,Grenade Impact & Explosion,TRUE,30,3,1,0.58,1.7,1,0,75,0.25,2.5,0.1,650,0.25,2.5,0.1
Rifle,Torid,Grenade Impact & Cloud,FALSE,60,10,5,1.5,1.7,1,0,100,0.15,2,0.23,40,0.15,2,0.25
Rifle,Torid,Incarnon Form,FALSE,60,10,5,8,1.7,1,0,51,0.29,3.1,0.39,0,0,0,0
Rifle,Trumna,Auto & AOE,FALSE,400,60,200,4.67,5,1,0,82,0.24,2.2,0.3,50,0.24,2.2,0.3
Rifle,Trumna,Grenade Impact & AOE,FALSE,400,60,200,1.33,5,1,0,100,0.38,2.4,0.5,1000,0.38,2.4,0.5
Rifle,Trumna Prime,Auto & AOE,FALSE,500,60,250,4.67,4,1,0,85,0.24,2.4,0.34,50,0.24,2.4,0.34
Rifle,Trumna Prime,Grenade Impact & AOE,FALSE,500,60,250,1.33,4,1,0,100,0.38,2.4,0.5,1150,0.38,2.4,0.5
Pistol,Twin Grakatas,Normal Attack,FALSE,1200,60,120,20,3,2,0,10,0.25,2.7,0.165,0,0,0,0
Pistol,Twin Gremlins,Normal Attack,FALSE,210,40,30,5,1.1,1,0,36.99,0.15,1.5,0.15,0,0,0,0
Pistol,Twin Kohmak,Fully Spooled,FALSE,240,30,80,6.67,2.2,5,0,30,0.11,2,0.138,0,0,0,0
Pistol,Twin Kohmak,Single Pellet,FALSE,240,30,80,1.33,2.2,1,1.5,30,0.11,2,0.69,0,0,0,0
Pistol,Twin Rogga,Normal Attack,TRUE,120,20,2,2.5,1.5,15,0,47,0.1,2,0.066,0,0,0,0
Pistol,Twin Vipers,Normal Attack,FALSE,420,40,28,25,2,1,0,17,0.15,1.5,0.11,0,0,0,0
Pistol,Twin Vipers Wraith,Normal Attack,FALSE,440,40,40,25,2,1,0,18,0.19,2,0.09,0,0,0,0
Pistol,Tysis,Corrosive DoT,TRUE,210,40,11,0,1.2,1,0,27,0.03,1.5,0.5,0,0,0,0
Pistol,Tysis,Normal Attack,TRUE,210,40,11,2.5,1.2,1,0,49,0.03,1.5,0.5,0,0,0,0
Rifle,Vadarya Prime,Normal Attack,FALSE,72,72,16,2.8,2.6,1,0,400,0.4,2.8,0.18,0,0,0,0
Pistol,Vasto,Incarnon Form,TRUE,210,40,6,2.5,1,6,0,30,0.3,2.8,0.0267,0,0,0,0
Pistol,Vasto,Normal Attack,TRUE,210,40,6,2.5,1,1,0,90,0.2,1.8,0.08,0,0,0,0
Pistol,Vasto Prime,Incarnon Form,TRUE,210,40,6,2.5,1,6,0,70,0.3,3.2,0.0667,0,0,0,0
Pistol,Vasto Prime,Normal Attack,TRUE,210,40,6,2.5,1,1,0,110,0.22,2.4,0.22,0,0,0,0
Shotgun,Vaykor Hek,Normal Attack,TRUE,120,15,8,3,2.25,7,0,75,0.25,2,0.107,0,0,0,0
Pistol,Vaykor Marelok,Normal Attack,TRUE,210,40,10,2,1.67,1,0,160,0.2,1.5,0.35,0,0,0,0
Rifle,Vectis,Normal Attack,TRUE,72,15,1,1,1,1,1,225,0.25,2,0.3,0,0,0,0
Rifle,Vectis Prime,Normal Attack,TRUE,72,15,2,2.67,0.85,1,1,350,0.3,2,0.3,0,0,0,0
Rifle,Veldt,Normal Attack,TRUE,546,80,26,3.67,1.8,1,0,90,0.22,2.2,0.22,0,0,0,0
Pistol,Velox,Normal Attack,FALSE,434,40,62,15,2.6,1,0,24,0.14,1.8,0.22,0,0,0,0
Pistol,Velox Prime,Normal Attack,FALSE,520,40,70,17,2.6,1,0,27,0.14,2,0.32,0,0,0,0
Pistol,Vesper 77,Normal Attack,TRUE,210,60,8,2.08,2.4,1,0,180,0.24,2.6,0.26,0,0,0,0
Pistol,Viper,Normal Attack,FALSE,420,40,14,14.38,0.7,1,0,17,0.15,1.5,0.11,0,0,0,0
Pistol,Viper Wraith,Normal Attack,FALSE,420,40,20,14.38,0.8,1,0,18,0.19,2,0.09,0,0,0,0
Rifle,Vulkar,Normal Attack,TRUE,72,15,6,1.5,3,1,1,225,0.2,2,0.25,0,0,0,0
Rifle,Vulkar Wraith,Normal Attack,TRUE,72,15,8,2,3,1,1,273,0.2,2,0.25,0,0,0,0
Pistol,Zakti,Dart Impact & Cloud,TRUE,210,20,3,5,0.8,1,0,30,0.02,1.5,0.2,80,0.02,1.5,0.2
Pistol,Zakti Prime,Normal Attack & cloud,TRUE,210,20,8,5,1,1,0,30,0.08,1.8,0.42,100,0.08,1.8,0.42
Rifle,Zarr,Barrage Mode,TRUE,60,9,3,3,2.25,10,1.6,80,0.17,2.5,0.087,0,0,0,0
Rifle,Zarr,Cannon Mode Cluster Bomb Contact & Explosion,TRUE,60,9,3,1.67,2.25,6,0,15,0.15,2,0.048,50,0.15,2,0.048
Rifle,Zarr,Cannon Mode Projectile & Explosion,TRUE,60,9,3,1.67,2.25,1,0,25,0.17,2.5,0.29,175,0.17,2.5,0.29
Rifle,Zenith,Auto Mode,FALSE,540,80,90,10.83,1.6,1,0,30,0.1,2,0.34,0,0,0,0
Rifle,Zenith,Semi-Auto Mode,FALSE,540,80,90,3,1.4,1,100,150,0.35,2.5,0.08,0,0,0,0
Bow,Zhuge,Normal Attack,FALSE,540,80,20,4.17,2.5,1,0,100,0.2,2,0.35,0,0,0,0
Bow,Zhuge Prime,Arrow Impact & Explosion,FALSE,270,60,30,5.5,3,1,0,50,0.26,2,0.3,40,0.26,2,0.3
Pistol,Zylok,Incarnon Form & Radial,FALSE,210,20,8,0.62,1.2,1,0,400,0.2,2,0.4,600,0.2,2,0.4
Pistol,Zylok,Normal Attack,FALSE,210,20,8,1.8,1.2,1,0,140,0.08,2,0.26,0,0,0,0
Pistol,Zylok Prime,Incarnon Form & Radial,FALSE,210,60,12,0.62,1.2,1,0,500,0.26,2.4,0.4,700,0.26,2.4,0.4
Pistol,Zylok Prime,Normal Attack,FALSE,210,60,12,1.8,1.2,1,0,210,0.12,2.4,0.36,0,0,0,0
Pistol,Zymos,Homing Spore Contact & Explosion,TRUE,51,40,17,1.33,3.2,6,0,23,0.05,2.3,0.3,333,0.05,2.3,0.3
Pistol,Zymos,Normal Attack & Headshot Explosion,TRUE,51,40,17,1.33,3.2,1,0,23,0.05,2.3,0.3,953,0.05,2.3,0.5
Pistol,Zymos,Normal Attack & Radial,TRUE,51,40,17,1.33,3.2,1,0,23,0.05,2.3,0.3,61,0.05,2.3,0.3